"t_date","is_used","t_date_last1","t_date_last2","t_date_last3","t_date_back1","t_date_back2","t_date_back3"
20200326,true,20200327,20200330,20200331,20200325,20200324,20200323
20200327,true,20200330,20200331,20200401,20200326,20200325,20200324
20200330,true,20200331,20200401,20200402,20200327,20200326,20200325
20200331,true,20200401,20200402,20200403,20200330,20200327,20200326
20200401,true,20200402,20200403,20200407,20200331,20200330,20200327
20200402,true,20200403,20200407,20200408,20200401,20200331,20200330
20200403,true,20200407,20200408,20200409,20200402,20200401,20200331
20200407,true,20200408,20200409,20200410,20200403,20200402,20200401
20200408,true,20200409,20200410,20200413,20200407,20200403,20200402
20200409,true,20200410,20200413,20200414,20200408,20200407,20200403
20200410,true,20200413,20200414,20200415,20200409,20200408,20200407
20200413,true,20200414,20200415,20200416,20200410,20200409,20200408
20200414,true,20200415,20200416,20200417,20200413,20200410,20200409
20200415,true,20200416,20200417,20200420,20200414,20200413,20200410
20200416,true,20200417,20200420,20200421,20200415,20200414,20200413
20200417,true,20200420,20200421,20200422,20200416,20200415,20200414
20200420,true,20200421,20200422,20200423,20200417,20200416,20200415
20200421,true,20200422,20200423,20200424,20200420,20200417,20200416
20200422,true,20200423,20200424,20200427,20200421,20200420,20200417
20200423,true,20200424,20200427,20200428,20200422,20200421,20200420
20200424,true,20200427,20200428,20200429,20200423,20200422,20200421
20200427,true,20200428,20200429,20200430,20200424,20200423,20200422
20200428,true,20200429,20200430,20200506,20200427,20200424,20200423
20200429,true,20200430,20200506,20200507,20200428,20200427,20200424
20200430,true,20200506,20200507,20200508,20200429,20200428,20200427
20200506,true,20200507,20200508,20200511,20200430,20200429,20200428
20200507,true,20200508,20200511,20200512,20200506,20200430,20200429
20200508,true,20200511,20200512,20200513,20200507,20200506,20200430
20200511,true,20200512,20200513,20200514,20200508,20200507,20200506
20200512,true,20200513,20200514,20200515,20200511,20200508,20200507
20200513,true,20200514,20200515,20200518,20200512,20200511,20200508
20200514,true,20200515,20200518,20200519,20200513,20200512,20200511
20200515,true,20200518,20200519,20200520,20200514,20200513,20200512
20200518,true,20200519,20200520,20200521,20200515,20200514,20200513
20200519,true,20200520,20200521,20200522,20200518,20200515,20200514
20200520,true,20200521,20200522,20200525,20200519,20200518,20200515
20200521,true,20200522,20200525,20200526,20200520,20200519,20200518
20200522,true,20200525,20200526,20200527,20200521,20200520,20200519
20200525,true,20200526,20200527,20200528,20200522,20200521,20200520
20200526,true,20200527,20200528,20200529,20200525,20200522,20200521
20200527,true,20200528,20200529,20200601,20200526,20200525,20200522
20200528,true,20200529,20200601,20200602,20200527,20200526,20200525
20200529,true,20200601,20200602,20200603,20200528,20200527,20200526
20200601,true,20200602,20200603,20200604,20200529,20200528,20200527
20200602,true,20200603,20200604,20200605,20200601,20200529,20200528
20200603,true,20200604,20200605,20200608,20200602,20200601,20200529
20200604,true,20200605,20200608,20200609,20200603,20200602,20200601
20200605,true,20200608,20200609,20200610,20200604,20200603,20200602
20200608,true,20200609,20200610,20200611,20200605,20200604,20200603
20200609,true,20200610,20200611,20200612,20200608,20200605,20200604
20200610,true,20200611,20200612,20200615,20200609,20200608,20200605
20200611,true,20200612,20200615,20200616,20200610,20200609,20200608
20200612,true,20200615,20200616,20200617,20200611,20200610,20200609
20200615,true,20200616,20200617,20200618,20200612,20200611,20200610
20200616,true,20200617,20200618,20200619,20200615,20200612,20200611
20200617,true,20200618,20200619,20200622,20200616,20200615,20200612
20200618,true,20200619,20200622,20200623,20200617,20200616,20200615
20200619,true,20200622,20200623,20200624,20200618,20200617,20200616
20200622,true,20200623,20200624,20200629,20200619,20200618,20200617
20200623,true,20200624,20200629,20200630,20200622,20200619,20200618
20200624,true,20200629,20200630,20200701,20200623,20200622,20200619
20200629,true,20200630,20200701,20200702,20200624,20200623,20200622
20200630,true,20200701,20200702,20200703,20200629,20200624,20200623
20200701,true,20200702,20200703,20200706,20200630,20200629,20200624
20200702,true,20200703,20200706,20200707,20200701,20200630,20200629
20200703,true,20200706,20200707,20200708,20200702,20200701,20200630
20200706,true,20200707,20200708,20200709,20200703,20200702,20200701
20200707,true,20200708,20200709,20200710,20200706,20200703,20200702
20200708,true,20200709,20200710,20200713,20200707,20200706,20200703
20200709,true,20200710,20200713,20200714,20200708,20200707,20200706
20200710,true,20200713,20200714,20200715,20200709,20200708,20200707
20200713,true,20200714,20200715,20200716,20200710,20200709,20200708
20200714,true,20200715,20200716,20200717,20200713,20200710,20200709
20200715,true,20200716,20200717,20200720,20200714,20200713,20200710
20200716,true,20200717,20200720,20200721,20200715,20200714,20200713
20200717,true,20200720,20200721,20200722,20200716,20200715,20200714
20200720,true,20200721,20200722,20200723,20200717,20200716,20200715
20200721,true,20200722,20200723,20200724,20200720,20200717,20200716
20200722,true,20200723,20200724,20200727,20200721,20200720,20200717
20200723,true,20200724,20200727,20200728,20200722,20200721,20200720
20200724,true,20200727,20200728,20200729,20200723,20200722,20200721
20200727,true,20200728,20200729,20200730,20200724,20200723,20200722
20200728,true,20200729,20200730,20200731,20200727,20200724,20200723
20200729,true,20200730,20200731,20200803,20200728,20200727,20200724
20200730,true,20200731,20200803,20200804,20200729,20200728,20200727
20200731,true,20200803,20200804,20200805,20200730,20200729,20200728
20200803,true,20200804,20200805,20200806,20200731,20200730,20200729
20200804,true,20200805,20200806,20200807,20200803,20200731,20200730
20200805,true,20200806,20200807,20200810,20200804,20200803,20200731
20200806,true,20200807,20200810,20200811,20200805,20200804,20200803
20200807,true,20200810,20200811,20200812,20200806,20200805,20200804
20200810,true,20200811,20200812,20200813,20200807,20200806,20200805
20200811,true,20200812,20200813,20200814,20200810,20200807,20200806
20200812,true,20200813,20200814,20200817,20200811,20200810,20200807
20200813,true,20200814,20200817,20200818,20200812,20200811,20200810
20200814,true,20200817,20200818,20200819,20200813,20200812,20200811
20200817,true,20200818,20200819,20200820,20200814,20200813,20200812
20200818,true,20200819,20200820,20200821,20200817,20200814,20200813
20200819,true,20200820,20200821,20200824,20200818,20200817,20200814
20200820,true,20200821,20200824,20200825,20200819,20200818,20200817
20200821,true,20200824,20200825,20200826,20200820,20200819,20200818
20200824,true,20200825,20200826,20200827,20200821,20200820,20200819
20200825,true,20200826,20200827,20200828,20200824,20200821,20200820
20200826,true,20200827,20200828,20200831,20200825,20200824,20200821
20200827,true,20200828,20200831,20200901,20200826,20200825,20200824
20200828,true,20200831,20200901,20200902,20200827,20200826,20200825
20200831,true,20200901,20200902,20200903,20200828,20200827,20200826
20200901,true,20200902,20200903,20200904,20200831,20200828,20200827
20200902,true,20200903,20200904,20200907,20200901,20200831,20200828
20200903,true,20200904,20200907,20200908,20200902,20200901,20200831
20200904,true,20200907,20200908,20200909,20200903,20200902,20200901
20200907,true,20200908,20200909,20200910,20200904,20200903,20200902
20200908,true,20200909,20200910,20200911,20200907,20200904,20200903
20200909,true,20200910,20200911,20200914,20200908,20200907,20200904
20200910,true,20200911,20200914,20200915,20200909,20200908,20200907
20200911,true,20200914,20200915,20200916,20200910,20200909,20200908
20200914,true,20200915,20200916,20200917,20200911,20200910,20200909
20200915,true,20200916,20200917,20200918,20200914,20200911,20200910
20200916,true,20200917,20200918,20200921,20200915,20200914,20200911
20200917,true,20200918,20200921,20200922,20200916,20200915,20200914
20200918,true,20200921,20200922,20200923,20200917,20200916,20200915
20200921,true,20200922,20200923,20200924,20200918,20200917,20200916
20200922,true,20200923,20200924,20200925,20200921,20200918,20200917
20200923,true,20200924,20200925,20200928,20200922,20200921,20200918
20200924,true,20200925,20200928,20200929,20200923,20200922,20200921
20200925,true,20200928,20200929,20200930,20200924,20200923,20200922
20200928,true,20200929,20200930,20201009,20200925,20200924,20200923
20200929,true,20200930,20201009,20201012,20200928,20200925,20200924
20200930,true,20201009,20201012,20201013,20200929,20200928,20200925
20201009,true,20201012,20201013,20201014,20200930,20200929,20200928
20201012,true,20201013,20201014,20201015,20201009,20200930,20200929
20201013,true,20201014,20201015,20201016,20201012,20201009,20200930
20201014,true,20201015,20201016,20201019,20201013,20201012,20201009
20201015,true,20201016,20201019,20201020,20201014,20201013,20201012
20201016,true,20201019,20201020,20201021,20201015,20201014,20201013
20201019,true,20201020,20201021,20201022,20201016,20201015,20201014
20201020,true,20201021,20201022,20201023,20201019,20201016,20201015
20201021,true,20201022,20201023,20201026,20201020,20201019,20201016
20201022,true,20201023,20201026,20201027,20201021,20201020,20201019
20201023,true,20201026,20201027,20201028,20201022,20201021,20201020
20201026,true,20201027,20201028,20201029,20201023,20201022,20201021
20201027,true,20201028,20201029,20201030,20201026,20201023,20201022
20201028,true,20201029,20201030,20201102,20201027,20201026,20201023
20201029,true,20201030,20201102,20201103,20201028,20201027,20201026
20201030,true,20201102,20201103,20201104,20201029,20201028,20201027
20201102,true,20201103,20201104,20201105,20201030,20201029,20201028
20201103,true,20201104,20201105,20201106,20201102,20201030,20201029
20201104,true,20201105,20201106,20201109,20201103,20201102,20201030
20201105,true,20201106,20201109,20201110,20201104,20201103,20201102
20201106,true,20201109,20201110,20201111,20201105,20201104,20201103
20201109,true,20201110,20201111,20201112,20201106,20201105,20201104
20201110,true,20201111,20201112,20201113,20201109,20201106,20201105
20201111,true,20201112,20201113,20201116,20201110,20201109,20201106
20201112,true,20201113,20201116,20201117,20201111,20201110,20201109
20201113,true,20201116,20201117,20201118,20201112,20201111,20201110
20201116,true,20201117,20201118,20201119,20201113,20201112,20201111
20201117,true,20201118,20201119,20201120,20201116,20201113,20201112
20201118,true,20201119,20201120,20201123,20201117,20201116,20201113
20201119,true,20201120,20201123,20201124,20201118,20201117,20201116
20201120,true,20201123,20201124,20201125,20201119,20201118,20201117
20201123,true,20201124,20201125,20201126,20201120,20201119,20201118
20201124,true,20201125,20201126,20201127,20201123,20201120,20201119
20201125,true,20201126,20201127,20201130,20201124,20201123,20201120
20201126,true,20201127,20201130,20201201,20201125,20201124,20201123
20201127,true,20201130,20201201,20201202,20201126,20201125,20201124
20201130,true,20201201,20201202,20201203,20201127,20201126,20201125
20201201,true,20201202,20201203,20201204,20201130,20201127,20201126
20201202,true,20201203,20201204,20201207,20201201,20201130,20201127
20201203,true,20201204,20201207,20201208,20201202,20201201,20201130
20201204,true,20201207,20201208,20201209,20201203,20201202,20201201
20201207,true,20201208,20201209,20201210,20201204,20201203,20201202
20201208,true,20201209,20201210,20201211,20201207,20201204,20201203
20201209,true,20201210,20201211,20201214,20201208,20201207,20201204
20201210,true,20201211,20201214,20201215,20201209,20201208,20201207
20201211,true,20201214,20201215,20201216,20201210,20201209,20201208
20201214,true,20201215,20201216,20201217,20201211,20201210,20201209
20201215,true,20201216,20201217,20201218,20201214,20201211,20201210
20201216,true,20201217,20201218,20201221,20201215,20201214,20201211
20201217,true,20201218,20201221,20201222,20201216,20201215,20201214
20201218,true,20201221,20201222,20201223,20201217,20201216,20201215
20201221,true,20201222,20201223,20201224,20201218,20201217,20201216
20201222,true,20201223,20201224,20201225,20201221,20201218,20201217
20201223,true,20201224,20201225,20201228,20201222,20201221,20201218
20201224,true,20201225,20201228,20201229,20201223,20201222,20201221
20201225,true,20201228,20201229,20201230,20201224,20201223,20201222
20201228,true,20201229,20201230,20201231,20201225,20201224,20201223
20201229,true,20201230,20201231,20210104,20201228,20201225,20201224
20201230,true,20201231,20210104,20210105,20201229,20201228,20201225
20201231,true,20210104,20210105,20210106,20201230,20201229,20201228
20210104,true,20210105,20210106,20210107,20201231,20201230,20201229
20210105,true,20210106,20210107,20210108,20210104,20201231,20201230
20210106,true,20210107,20210108,20210111,20210105,20210104,20201231
20210107,true,20210108,20210111,20210112,20210106,20210105,20210104
20210108,true,20210111,20210112,20210113,20210107,20210106,20210105
20210111,true,20210112,20210113,20210114,20210108,20210107,20210106
20210112,true,20210113,20210114,20210115,20210111,20210108,20210107
20210113,true,20210114,20210115,20210118,20210112,20210111,20210108
20210114,true,20210115,20210118,20210119,20210113,20210112,20210111
20210115,true,20210118,20210119,20210120,20210114,20210113,20210112
20210118,true,20210119,20210120,20210121,20210115,20210114,20210113
20210119,true,20210120,20210121,20210122,20210118,20210115,20210114
20210120,true,20210121,20210122,20210125,20210119,20210118,20210115
20210121,true,20210122,20210125,20210126,20210120,20210119,20210118
20210122,true,20210125,20210126,20210127,20210121,20210120,20210119
20210125,true,20210126,20210127,20210128,20210122,20210121,20210120
20210126,true,20210127,20210128,20210129,20210125,20210122,20210121
20210127,true,20210128,20210129,20210201,20210126,20210125,20210122
20210128,true,20210129,20210201,20210202,20210127,20210126,20210125
20210129,true,20210201,20210202,20210203,20210128,20210127,20210126
20210201,true,20210202,20210203,20210204,20210129,20210128,20210127
20210202,true,20210203,20210204,20210205,20210201,20210129,20210128
20210203,true,20210204,20210205,20210208,20210202,20210201,20210129
20210204,true,20210205,20210208,20210209,20210203,20210202,20210201
20210205,true,20210208,20210209,20210210,20210204,20210203,20210202
20210208,true,20210209,20210210,20210218,20210205,20210204,20210203
20210209,true,20210210,20210218,20210219,20210208,20210205,20210204
20210210,true,20210218,20210219,20210222,20210209,20210208,20210205
20210218,true,20210219,20210222,20210223,20210210,20210209,20210208
20210219,true,20210222,20210223,20210224,20210218,20210210,20210209
20210222,true,20210223,20210224,20210225,20210219,20210218,20210210
20210223,true,20210224,20210225,20210226,20210222,20210219,20210218
20210224,true,20210225,20210226,20210301,20210223,20210222,20210219
20210225,true,20210226,20210301,20210302,20210224,20210223,20210222
20210226,true,20210301,20210302,20210303,20210225,20210224,20210223
20210301,true,20210302,20210303,20210304,20210226,20210225,20210224
20210302,true,20210303,20210304,20210305,20210301,20210226,20210225
20210303,true,20210304,20210305,20210308,20210302,20210301,20210226
20210304,true,20210305,20210308,20210309,20210303,20210302,20210301
20210305,true,20210308,20210309,20210310,20210304,20210303,20210302
20210308,true,20210309,20210310,20210311,20210305,20210304,20210303
20210309,true,20210310,20210311,20210312,20210308,20210305,20210304
20210310,true,20210311,20210312,20210315,20210309,20210308,20210305
20210311,true,20210312,20210315,20210316,20210310,20210309,20210308
20210312,true,20210315,20210316,20210317,20210311,20210310,20210309
20210315,true,20210316,20210317,20210318,20210312,20210311,20210310
20210316,true,20210317,20210318,20210319,20210315,20210312,20210311
20210317,true,20210318,20210319,20210322,20210316,20210315,20210312
20210318,true,20210319,20210322,20210323,20210317,20210316,20210315
20210319,true,20210322,20210323,20210324,20210318,20210317,20210316
20210322,true,20210323,20210324,20210325,20210319,20210318,20210317
20210323,true,20210324,20210325,20210326,20210322,20210319,20210318
20210324,true,20210325,20210326,20210329,20210323,20210322,20210319
20210325,true,20210326,20210329,20210330,20210324,20210323,20210322
20210326,true,20210329,20210330,20210331,20210325,20210324,20210323
20210329,true,20210330,20210331,20210401,20210326,20210325,20210324
20210330,true,20210331,20210401,20210402,20210329,20210326,20210325
20210331,true,20210401,20210402,20210406,20210330,20210329,20210326
20210401,true,20210402,20210406,20210407,20210331,20210330,20210329
20210402,true,20210406,20210407,20210408,20210401,20210331,20210330
20210406,true,20210407,20210408,20210409,20210402,20210401,20210331
20210407,true,20210408,20210409,20210412,20210406,20210402,20210401
20210408,true,20210409,20210412,20210413,20210407,20210406,20210402
20210409,true,20210412,20210413,20210414,20210408,20210407,20210406
20210412,true,20210413,20210414,20210415,20210409,20210408,20210407
20210413,true,20210414,20210415,20210416,20210412,20210409,20210408
20210414,true,20210415,20210416,20210419,20210413,20210412,20210409
20210415,true,20210416,20210419,20210420,20210414,20210413,20210412
20210416,true,20210419,20210420,20210421,20210415,20210414,20210413
20210419,true,20210420,20210421,20210422,20210416,20210415,20210414
20210420,true,20210421,20210422,20210423,20210419,20210416,20210415
20210421,true,20210422,20210423,20210426,20210420,20210419,20210416
20210422,true,20210423,20210426,20210427,20210421,20210420,20210419
20210423,true,20210426,20210427,20210428,20210422,20210421,20210420
20210426,true,20210427,20210428,20210429,20210423,20210422,20210421
20210427,true,20210428,20210429,20210430,20210426,20210423,20210422
20210428,true,20210429,20210430,20210506,20210427,20210426,20210423
20210429,true,20210430,20210506,20210507,20210428,20210427,20210426
20210430,true,20210506,20210507,20210510,20210429,20210428,20210427
20210506,true,20210507,20210510,20210511,20210430,20210429,20210428
20210507,true,20210510,20210511,20210512,20210506,20210430,20210429
20210510,true,20210511,20210512,20210513,20210507,20210506,20210430
20210511,true,20210512,20210513,20210514,20210510,20210507,20210506
20210512,true,20210513,20210514,20210517,20210511,20210510,20210507
20210513,true,20210514,20210517,20210518,20210512,20210511,20210510
20210514,true,20210517,20210518,20210519,20210513,20210512,20210511
20210517,true,20210518,20210519,20210520,20210514,20210513,20210512
20210518,true,20210519,20210520,20210521,20210517,20210514,20210513
20210519,true,20210520,20210521,20210524,20210518,20210517,20210514
20210520,true,20210521,20210524,20210525,20210519,20210518,20210517
20210521,true,20210524,20210525,20210526,20210520,20210519,20210518
20210524,true,20210525,20210526,20210527,20210521,20210520,20210519
20210525,true,20210526,20210527,20210528,20210524,20210521,20210520
20210526,true,20210527,20210528,20210531,20210525,20210524,20210521
20210527,true,20210528,20210531,20210601,20210526,20210525,20210524
20210528,true,20210531,20210601,20210602,20210527,20210526,20210525
20210531,true,20210601,20210602,20210603,20210528,20210527,20210526
20210601,true,20210602,20210603,20210604,20210531,20210528,20210527
20210602,true,20210603,20210604,20210607,20210601,20210531,20210528
20210603,true,20210604,20210607,20210608,20210602,20210601,20210531
20210604,true,20210607,20210608,20210609,20210603,20210602,20210601
20210607,true,20210608,20210609,20210610,20210604,20210603,20210602
20210608,true,20210609,20210610,20210611,20210607,20210604,20210603
20210609,true,20210610,20210611,20210615,20210608,20210607,20210604
20210610,true,20210611,20210615,20210616,20210609,20210608,20210607
20210611,true,20210615,20210616,20210617,20210610,20210609,20210608
20210615,true,20210616,20210617,20210618,20210611,20210610,20210609
20210616,true,20210617,20210618,20210621,20210615,20210611,20210610
20210617,true,20210618,20210621,20210622,20210616,20210615,20210611
20210618,true,20210621,20210622,20210623,20210617,20210616,20210615
20210621,true,20210622,20210623,20210624,20210618,20210617,20210616
20210622,true,20210623,20210624,20210625,20210621,20210618,20210617
20210623,true,20210624,20210625,20210628,20210622,20210621,20210618
20210624,true,20210625,20210628,20210629,20210623,20210622,20210621
20210625,true,20210628,20210629,20210630,20210624,20210623,20210622
20210628,true,20210629,20210630,20210701,20210625,20210624,20210623
20210629,true,20210630,20210701,20210702,20210628,20210625,20210624
20210630,true,20210701,20210702,20210705,20210629,20210628,20210625
20210701,true,20210702,20210705,20210706,20210630,20210629,20210628
20210702,true,20210705,20210706,20210707,20210701,20210630,20210629
20210705,true,20210706,20210707,20210708,20210702,20210701,20210630
20210706,true,20210707,20210708,20210709,20210705,20210702,20210701
20210707,true,20210708,20210709,20210712,20210706,20210705,20210702
20210708,true,20210709,20210712,20210713,20210707,20210706,20210705
20210709,true,20210712,20210713,20210714,20210708,20210707,20210706
20210712,true,20210713,20210714,20210715,20210709,20210708,20210707
20210713,true,20210714,20210715,20210716,20210712,20210709,20210708
20210714,true,20210715,20210716,20210719,20210713,20210712,20210709
20210715,true,20210716,20210719,20210720,20210714,20210713,20210712
20210716,true,20210719,20210720,20210721,20210715,20210714,20210713
20210719,true,20210720,20210721,20210722,20210716,20210715,20210714
20210720,true,20210721,20210722,20210723,20210719,20210716,20210715
20210721,true,20210722,20210723,20210726,20210720,20210719,20210716
20210722,true,20210723,20210726,20210727,20210721,20210720,20210719
20210723,true,20210726,20210727,20210728,20210722,20210721,20210720
20210726,true,20210727,20210728,20210729,20210723,20210722,20210721
20210727,true,20210728,20210729,20210730,20210726,20210723,20210722
20210728,true,20210729,20210730,20210802,20210727,20210726,20210723
20210729,true,20210730,20210802,20210803,20210728,20210727,20210726
20210730,true,20210802,20210803,20210804,20210729,20210728,20210727
20210802,true,20210803,20210804,20210805,20210730,20210729,20210728
20210803,true,20210804,20210805,20210806,20210802,20210730,20210729
20210804,true,20210805,20210806,20210809,20210803,20210802,20210730
20210805,true,20210806,20210809,20210810,20210804,20210803,20210802
20210806,true,20210809,20210810,20210811,20210805,20210804,20210803
20210809,true,20210810,20210811,20210812,20210806,20210805,20210804
20210810,true,20210811,20210812,20210813,20210809,20210806,20210805
20210811,true,20210812,20210813,20210816,20210810,20210809,20210806
20210812,true,20210813,20210816,20210817,20210811,20210810,20210809
20210813,true,20210816,20210817,20210818,20210812,20210811,20210810
20210816,true,20210817,20210818,20210819,20210813,20210812,20210811
20210817,true,20210818,20210819,20210820,20210816,20210813,20210812
20210818,true,20210819,20210820,20210823,20210817,20210816,20210813
20210819,true,20210820,20210823,20210824,20210818,20210817,20210816
20210820,true,20210823,20210824,20210825,20210819,20210818,20210817
20210823,true,20210824,20210825,20210826,20210820,20210819,20210818
20210824,true,20210825,20210826,20210827,20210823,20210820,20210819
20210825,true,20210826,20210827,20210830,20210824,20210823,20210820
20210826,true,20210827,20210830,20210831,20210825,20210824,20210823
20210827,true,20210830,20210831,20210901,20210826,20210825,20210824
20210830,true,20210831,20210901,20210902,20210827,20210826,20210825
20210831,true,20210901,20210902,20210903,20210830,20210827,20210826
20210901,true,20210902,20210903,20210906,20210831,20210830,20210827
20210902,true,20210903,20210906,20210907,20210901,20210831,20210830
20210903,true,20210906,20210907,20210908,20210902,20210901,20210831
20210906,true,20210907,20210908,20210909,20210903,20210902,20210901
20210907,true,20210908,20210909,20210910,20210906,20210903,20210902
20210908,true,20210909,20210910,20210913,20210907,20210906,20210903
20210909,true,20210910,20210913,20210914,20210908,20210907,20210906
20210910,true,20210913,20210914,20210915,20210909,20210908,20210907
20210913,true,20210914,20210915,20210916,20210910,20210909,20210908
20210914,true,20210915,20210916,20210917,20210913,20210910,20210909
20210915,true,20210916,20210917,20210922,20210914,20210913,20210910
20210916,true,20210917,20210922,20210923,20210915,20210914,20210913
20210917,true,20210922,20210923,20210924,20210916,20210915,20210914
20210922,true,20210923,20210924,20210927,20210917,20210916,20210915
20210923,true,20210924,20210927,20210928,20210922,20210917,20210916
20210924,true,20210927,20210928,20210929,20210923,20210922,20210917
20210927,true,20210928,20210929,20210930,20210924,20210923,20210922
20210928,true,20210929,20210930,20211008,20210927,20210924,20210923
20210929,true,20210930,20211008,20211011,20210928,20210927,20210924
20210930,true,20211008,20211011,20211012,20210929,20210928,20210927
20211008,true,20211011,20211012,20211013,20210930,20210929,20210928
20211011,true,20211012,20211013,20211014,20211008,20210930,20210929
20211012,true,20211013,20211014,20211015,20211011,20211008,20210930
20211013,true,20211014,20211015,20211018,20211012,20211011,20211008
20211014,true,20211015,20211018,20211019,20211013,20211012,20211011
20211015,true,20211018,20211019,20211020,20211014,20211013,20211012
20211018,true,20211019,20211020,20211021,20211015,20211014,20211013
20211019,true,20211020,20211021,20211022,20211018,20211015,20211014
20211020,true,20211021,20211022,20211025,20211019,20211018,20211015
20211021,true,20211022,20211025,20211026,20211020,20211019,20211018
20211022,true,20211025,20211026,20211027,20211021,20211020,20211019
20211025,true,20211026,20211027,20211028,20211022,20211021,20211020
20211026,true,20211027,20211028,20211029,20211025,20211022,20211021
20211027,true,20211028,20211029,20211101,20211026,20211025,20211022
20211028,true,20211029,20211101,20211102,20211027,20211026,20211025
20211029,true,20211101,20211102,20211103,20211028,20211027,20211026
20211101,true,20211102,20211103,20211104,20211029,20211028,20211027
20211102,true,20211103,20211104,20211105,20211101,20211029,20211028
20211103,true,20211104,20211105,20211108,20211102,20211101,20211029
20211104,true,20211105,20211108,20211109,20211103,20211102,20211101
20211105,true,20211108,20211109,20211110,20211104,20211103,20211102
20211108,true,20211109,20211110,20211111,20211105,20211104,20211103
20211109,true,20211110,20211111,20211112,20211108,20211105,20211104
20211110,true,20211111,20211112,20211115,20211109,20211108,20211105
20211111,true,20211112,20211115,20211116,20211110,20211109,20211108
20211112,true,20211115,20211116,20211117,20211111,20211110,20211109
20211115,true,20211116,20211117,20211118,20211112,20211111,20211110
20211116,true,20211117,20211118,20211119,20211115,20211112,20211111
20211117,true,20211118,20211119,20211122,20211116,20211115,20211112
20211118,true,20211119,20211122,20211123,20211117,20211116,20211115
20211119,true,20211122,20211123,20211124,20211118,20211117,20211116
20211122,true,20211123,20211124,20211125,20211119,20211118,20211117
20211123,true,20211124,20211125,20211126,20211122,20211119,20211118
20211124,true,20211125,20211126,20211129,20211123,20211122,20211119
20211125,true,20211126,20211129,20211130,20211124,20211123,20211122
20211126,true,20211129,20211130,20211201,20211125,20211124,20211123
20211129,true,20211130,20211201,20211202,20211126,20211125,20211124
20211130,true,20211201,20211202,20211203,20211129,20211126,20211125
20211201,true,20211202,20211203,20211206,20211130,20211129,20211126
20211202,true,20211203,20211206,20211207,20211201,20211130,20211129
20211203,true,20211206,20211207,20211208,20211202,20211201,20211130
20211206,true,20211207,20211208,20211209,20211203,20211202,20211201
20211207,true,20211208,20211209,20211210,20211206,20211203,20211202
20211208,true,20211209,20211210,20211213,20211207,20211206,20211203
20211209,true,20211210,20211213,20211214,20211208,20211207,20211206
20211210,true,20211213,20211214,20211215,20211209,20211208,20211207
20211213,true,20211214,20211215,20211216,20211210,20211209,20211208
20211214,true,20211215,20211216,20211217,20211213,20211210,20211209
20211215,true,20211216,20211217,20211220,20211214,20211213,20211210
20211216,true,20211217,20211220,20211221,20211215,20211214,20211213
20211217,true,20211220,20211221,20211222,20211216,20211215,20211214
20211220,true,20211221,20211222,20211223,20211217,20211216,20211215
20211221,true,20211222,20211223,20211224,20211220,20211217,20211216
20211222,true,20211223,20211224,20211227,20211221,20211220,20211217
20211223,true,20211224,20211227,20211228,20211222,20211221,20211220
20211224,true,20211227,20211228,20211229,20211223,20211222,20211221
20211227,true,20211228,20211229,20211230,20211224,20211223,20211222
20211228,true,20211229,20211230,20211231,20211227,20211224,20211223
20211229,true,20211230,20211231,20220104,20211228,20211227,20211224
20211230,true,20211231,20220104,20220105,20211229,20211228,20211227
20211231,true,20220104,20220105,20220106,20211230,20211229,20211228
20220104,true,20220105,20220106,20220107,20211231,20211230,20211229
20220105,true,20220106,20220107,20220110,20220104,20211231,20211230
20220106,true,20220107,20220110,20220111,20220105,20220104,20211231
20220107,true,20220110,20220111,20220112,20220106,20220105,20220104
20220110,true,20220111,20220112,20220113,20220107,20220106,20220105
20220111,true,20220112,20220113,20220114,20220110,20220107,20220106
20220112,true,20220113,20220114,20220117,20220111,20220110,20220107
20220113,true,20220114,20220117,20220118,20220112,20220111,20220110
20220114,true,20220117,20220118,20220119,20220113,20220112,20220111
20220117,true,20220118,20220119,20220120,20220114,20220113,20220112
20220118,true,20220119,20220120,20220121,20220117,20220114,20220113
20220119,true,20220120,20220121,20220124,20220118,20220117,20220114
20220120,true,20220121,20220124,20220125,20220119,20220118,20220117
20220121,true,20220124,20220125,20220126,20220120,20220119,20220118
20220124,true,20220125,20220126,20220127,20220121,20220120,20220119
20220125,true,20220126,20220127,20220128,20220124,20220121,20220120
20220126,true,20220127,20220128,20220207,20220125,20220124,20220121
20220127,true,20220128,20220207,20220208,20220126,20220125,20220124
20220128,true,20220207,20220208,20220209,20220127,20220126,20220125
20220207,true,20220208,20220209,20220210,20220128,20220127,20220126
20220208,true,20220209,20220210,20220211,20220207,20220128,20220127
20220209,true,20220210,20220211,20220214,20220208,20220207,20220128
20220210,true,20220211,20220214,20220215,20220209,20220208,20220207
20220211,true,20220214,20220215,20220216,20220210,20220209,20220208
20220214,true,20220215,20220216,20220217,20220211,20220210,20220209
20220215,true,20220216,20220217,20220218,20220214,20220211,20220210
20220216,true,20220217,20220218,20220221,20220215,20220214,20220211
20220217,true,20220218,20220221,20220222,20220216,20220215,20220214
20220218,true,20220221,20220222,20220223,20220217,20220216,20220215
20220221,true,20220222,20220223,20220224,20220218,20220217,20220216
20220222,true,20220223,20220224,20220225,20220221,20220218,20220217
20220223,true,20220224,20220225,20220228,20220222,20220221,20220218
20220224,true,20220225,20220228,20220301,20220223,20220222,20220221
20220225,true,20220228,20220301,20220302,20220224,20220223,20220222
20220228,true,20220301,20220302,20220303,20220225,20220224,20220223
20220301,true,20220302,20220303,20220304,20220228,20220225,20220224
20220302,true,20220303,20220304,20220307,20220301,20220228,20220225
20220303,true,20220304,20220307,20220308,20220302,20220301,20220228
20220304,true,20220307,20220308,20220309,20220303,20220302,20220301
20220307,true,20220308,20220309,20220310,20220304,20220303,20220302
20220308,true,20220309,20220310,20220311,20220307,20220304,20220303
20220309,true,20220310,20220311,20220314,20220308,20220307,20220304
20220310,true,20220311,20220314,20220315,20220309,20220308,20220307
20220311,true,20220314,20220315,20220316,20220310,20220309,20220308
20220314,true,20220315,20220316,20220317,20220311,20220310,20220309
20220315,true,20220316,20220317,20220318,20220314,20220311,20220310
20220316,true,20220317,20220318,20220321,20220315,20220314,20220311
20220317,true,20220318,20220321,20220322,20220316,20220315,20220314
20220318,true,20220321,20220322,20220323,20220317,20220316,20220315
20220321,true,20220322,20220323,20220324,20220318,20220317,20220316
20220322,true,20220323,20220324,20220325,20220321,20220318,20220317
20220323,true,20220324,20220325,20220328,20220322,20220321,20220318
20220324,true,20220325,20220328,20220329,20220323,20220322,20220321
20220325,true,20220328,20220329,20220330,20220324,20220323,20220322
20220328,true,20220329,20220330,20220331,20220325,20220324,20220323
20220329,true,20220330,20220331,20220401,20220328,20220325,20220324
20220330,true,20220331,20220401,20220406,20220329,20220328,20220325
20220331,true,20220401,20220406,20220407,20220330,20220329,20220328
20220401,true,20220406,20220407,20220408,20220331,20220330,20220329
20220406,true,20220407,20220408,20220411,20220401,20220331,20220330
20220407,true,20220408,20220411,20220412,20220406,20220401,20220331
20220408,true,20220411,20220412,20220413,20220407,20220406,20220401
20220411,true,20220412,20220413,20220414,20220408,20220407,20220406
20220412,true,20220413,20220414,20220415,20220411,20220408,20220407
20220413,true,20220414,20220415,20220418,20220412,20220411,20220408
20220414,true,20220415,20220418,20220419,20220413,20220412,20220411
20220415,true,20220418,20220419,20220420,20220414,20220413,20220412
20220418,true,20220419,20220420,20220421,20220415,20220414,20220413
20220419,true,20220420,20220421,20220422,20220418,20220415,20220414
20220420,true,20220421,20220422,20220425,20220419,20220418,20220415
20220421,true,20220422,20220425,20220426,20220420,20220419,20220418
20220422,true,20220425,20220426,20220427,20220421,20220420,20220419
20220425,true,20220426,20220427,20220428,20220422,20220421,20220420
20220426,true,20220427,20220428,20220429,20220425,20220422,20220421
20220427,true,20220428,20220429,20220505,20220426,20220425,20220422
20220428,true,20220429,20220505,20220506,20220427,20220426,20220425
20220429,true,20220505,20220506,20220509,20220428,20220427,20220426
20220505,true,20220506,20220509,20220510,20220429,20220428,20220427
20220506,true,20220509,20220510,20220511,20220505,20220429,20220428
20220509,true,20220510,20220511,20220512,20220506,20220505,20220429
20220510,true,20220511,20220512,20220513,20220509,20220506,20220505
20220511,true,20220512,20220513,20220516,20220510,20220509,20220506
20220512,true,20220513,20220516,20220517,20220511,20220510,20220509
20220513,true,20220516,20220517,20220518,20220512,20220511,20220510
20220516,true,20220517,20220518,20220519,20220513,20220512,20220511
20220517,true,20220518,20220519,20220520,20220516,20220513,20220512
20220518,true,20220519,20220520,20220523,20220517,20220516,20220513
20220519,true,20220520,20220523,20220524,20220518,20220517,20220516
20220520,true,20220523,20220524,20220525,20220519,20220518,20220517
20220523,true,20220524,20220525,20220526,20220520,20220519,20220518
20220524,true,20220525,20220526,20220527,20220523,20220520,20220519
20220525,true,20220526,20220527,20220530,20220524,20220523,20220520
20220526,true,20220527,20220530,20220531,20220525,20220524,20220523
20220527,true,20220530,20220531,20220601,20220526,20220525,20220524
20220530,true,20220531,20220601,20220602,20220527,20220526,20220525
20220531,true,20220601,20220602,20220606,20220530,20220527,20220526
20220601,true,20220602,20220606,20220607,20220531,20220530,20220527
20220602,true,20220606,20220607,20220608,20220601,20220531,20220530
20220606,true,20220607,20220608,20220609,20220602,20220601,20220531
20220607,true,20220608,20220609,20220610,20220606,20220602,20220601
20220608,true,20220609,20220610,20220613,20220607,20220606,20220602
20220609,true,20220610,20220613,20220614,20220608,20220607,20220606
20220610,true,20220613,20220614,20220615,20220609,20220608,20220607
20220613,true,20220614,20220615,20220616,20220610,20220609,20220608
20220614,true,20220615,20220616,20220617,20220613,20220610,20220609
20220615,true,20220616,20220617,20220620,20220614,20220613,20220610
20220616,true,20220617,20220620,20220621,20220615,20220614,20220613
20220617,true,20220620,20220621,20220622,20220616,20220615,20220614
20220620,true,20220621,20220622,20220623,20220617,20220616,20220615
20220621,true,20220622,20220623,20220624,20220620,20220617,20220616
20220622,true,20220623,20220624,20220627,20220621,20220620,20220617
20220623,true,20220624,20220627,20220628,20220622,20220621,20220620
20220624,true,20220627,20220628,20220629,20220623,20220622,20220621
20220627,true,20220628,20220629,20220630,20220624,20220623,20220622
20220628,true,20220629,20220630,20220701,20220627,20220624,20220623
20220629,true,20220630,20220701,20220704,20220628,20220627,20220624
20220630,true,20220701,20220704,20220705,20220629,20220628,20220627
20220701,true,20220704,20220705,20220706,20220630,20220629,20220628
20220704,true,20220705,20220706,20220707,20220701,20220630,20220629
20220705,true,20220706,20220707,20220708,20220704,20220701,20220630
20220706,true,20220707,20220708,20220711,20220705,20220704,20220701
20220707,true,20220708,20220711,20220712,20220706,20220705,20220704
20220708,true,20220711,20220712,20220713,20220707,20220706,20220705
20220711,true,20220712,20220713,20220714,20220708,20220707,20220706
20220712,true,20220713,20220714,20220715,20220711,20220708,20220707
20220713,true,20220714,20220715,20220718,20220712,20220711,20220708
20220714,true,20220715,20220718,20220719,20220713,20220712,20220711
20220715,true,20220718,20220719,20220720,20220714,20220713,20220712
20220718,true,20220719,20220720,20220721,20220715,20220714,20220713
20220719,true,20220720,20220721,20220722,20220718,20220715,20220714
20220720,true,20220721,20220722,20220725,20220719,20220718,20220715
20220721,true,20220722,20220725,20220726,20220720,20220719,20220718
20220722,true,20220725,20220726,20220727,20220721,20220720,20220719
20220725,true,20220726,20220727,20220728,20220722,20220721,20220720
20220726,true,20220727,20220728,20220729,20220725,20220722,20220721
20220727,true,20220728,20220729,20220801,20220726,20220725,20220722
20220728,true,20220729,20220801,20220802,20220727,20220726,20220725
20220729,true,20220801,20220802,20220803,20220728,20220727,20220726
20220801,true,20220802,20220803,20220804,20220729,20220728,20220727
20220802,true,20220803,20220804,20220805,20220801,20220729,20220728
20220803,true,20220804,20220805,20220808,20220802,20220801,20220729
20220804,true,20220805,20220808,20220809,20220803,20220802,20220801
20220805,true,20220808,20220809,20220810,20220804,20220803,20220802
20220808,true,20220809,20220810,20220811,20220805,20220804,20220803
20220809,true,20220810,20220811,20220812,20220808,20220805,20220804
20220810,true,20220811,20220812,20220815,20220809,20220808,20220805
20220811,true,20220812,20220815,20220816,20220810,20220809,20220808
20220812,true,20220815,20220816,20220817,20220811,20220810,20220809
20220815,true,20220816,20220817,20220818,20220812,20220811,20220810
20220816,true,20220817,20220818,20220819,20220815,20220812,20220811
20220817,true,20220818,20220819,20220822,20220816,20220815,20220812
20220818,true,20220819,20220822,20220823,20220817,20220816,20220815
20220819,true,20220822,20220823,20220824,20220818,20220817,20220816
20220822,true,20220823,20220824,20220825,20220819,20220818,20220817
20220823,true,20220824,20220825,20220826,20220822,20220819,20220818
20220824,true,20220825,20220826,20220829,20220823,20220822,20220819
20220825,true,20220826,20220829,20220830,20220824,20220823,20220822
20220826,true,20220829,20220830,20220831,20220825,20220824,20220823
20220829,true,20220830,20220831,20220901,20220826,20220825,20220824
20220830,true,20220831,20220901,20220902,20220829,20220826,20220825
20220831,true,20220901,20220902,20220905,20220830,20220829,20220826
20220901,true,20220902,20220905,20220906,20220831,20220830,20220829
20220902,true,20220905,20220906,20220907,20220901,20220831,20220830
20220905,true,20220906,20220907,20220908,20220902,20220901,20220831
20220906,true,20220907,20220908,20220909,20220905,20220902,20220901
20220907,true,20220908,20220909,20220913,20220906,20220905,20220902
20220908,true,20220909,20220913,20220914,20220907,20220906,20220905
20220909,true,20220913,20220914,20220915,20220908,20220907,20220906
20220913,true,20220914,20220915,20220916,20220909,20220908,20220907
20220914,true,20220915,20220916,20220919,20220913,20220909,20220908
20220915,true,20220916,20220919,20220920,20220914,20220913,20220909
20220916,true,20220919,20220920,20220921,20220915,20220914,20220913
20220919,true,20220920,20220921,20220922,20220916,20220915,20220914
20220920,true,20220921,20220922,20220923,20220919,20220916,20220915
20220921,true,20220922,20220923,20220926,20220920,20220919,20220916
20220922,true,20220923,20220926,20220927,20220921,20220920,20220919
20220923,true,20220926,20220927,20220928,20220922,20220921,20220920
20220926,true,20220927,20220928,20220929,20220923,20220922,20220921
20220927,true,20220928,20220929,20220930,20220926,20220923,20220922
20220928,true,20220929,20220930,20221010,20220927,20220926,20220923
20220929,true,20220930,20221010,20221011,20220928,20220927,20220926
20220930,true,20221010,20221011,20221012,20220929,20220928,20220927
20221010,true,20221011,20221012,20221013,20220930,20220929,20220928
20221011,true,20221012,20221013,20221014,20221010,20220930,20220929
20221012,true,20221013,20221014,20221017,20221011,20221010,20220930
20221013,true,20221014,20221017,20221018,20221012,20221011,20221010
20221014,true,20221017,20221018,20221019,20221013,20221012,20221011
20221017,true,20221018,20221019,20221020,20221014,20221013,20221012
20221018,true,20221019,20221020,20221021,20221017,20221014,20221013
20221019,true,20221020,20221021,20221024,20221018,20221017,20221014
20221020,true,20221021,20221024,20221025,20221019,20221018,20221017
20221021,true,20221024,20221025,20221026,20221020,20221019,20221018
20221024,true,20221025,20221026,20221027,20221021,20221020,20221019
20221025,true,20221026,20221027,20221028,20221024,20221021,20221020
20221026,true,20221027,20221028,20221031,20221025,20221024,20221021
20221027,true,20221028,20221031,20221101,20221026,20221025,20221024
20221028,true,20221031,20221101,20221102,20221027,20221026,20221025
20221031,true,20221101,20221102,20221103,20221028,20221027,20221026
20221101,true,20221102,20221103,20221104,20221031,20221028,20221027
20221102,true,20221103,20221104,20221107,20221101,20221031,20221028
20221103,true,20221104,20221107,20221108,20221102,20221101,20221031
20221104,true,20221107,20221108,20221109,20221103,20221102,20221101
20221107,true,20221108,20221109,20221110,20221104,20221103,20221102
20221108,true,20221109,20221110,20221111,20221107,20221104,20221103
20221109,true,20221110,20221111,20221114,20221108,20221107,20221104
20221110,true,20221111,20221114,20221115,20221109,20221108,20221107
20221111,true,20221114,20221115,20221116,20221110,20221109,20221108
20221114,true,20221115,20221116,20221117,20221111,20221110,20221109
20221115,true,20221116,20221117,20221118,20221114,20221111,20221110
20221116,true,20221117,20221118,20221121,20221115,20221114,20221111
20221117,true,20221118,20221121,20221122,20221116,20221115,20221114
20221118,true,20221121,20221122,20221123,20221117,20221116,20221115
20221121,true,20221122,20221123,20221124,20221118,20221117,20221116
20221122,true,20221123,20221124,20221125,20221121,20221118,20221117
20221123,true,20221124,20221125,20221128,20221122,20221121,20221118
20221124,true,20221125,20221128,20221129,20221123,20221122,20221121
20221125,true,20221128,20221129,20221130,20221124,20221123,20221122
20221128,true,20221129,20221130,20221201,20221125,20221124,20221123
20221129,true,20221130,20221201,20221202,20221128,20221125,20221124
20221130,true,20221201,20221202,20221205,20221129,20221128,20221125
20221201,true,20221202,20221205,20221206,20221130,20221129,20221128
20221202,true,20221205,20221206,20221207,20221201,20221130,20221129
20221205,true,20221206,20221207,20221208,20221202,20221201,20221130
20221206,true,20221207,20221208,20221209,20221205,20221202,20221201
20221207,true,20221208,20221209,20221212,20221206,20221205,20221202
20221208,true,20221209,20221212,20221213,20221207,20221206,20221205
20221209,true,20221212,20221213,20221214,20221208,20221207,20221206
20221212,true,20221213,20221214,20221215,20221209,20221208,20221207
20221213,true,20221214,20221215,20221216,20221212,20221209,20221208
20221214,true,20221215,20221216,20221219,20221213,20221212,20221209
20221215,true,20221216,20221219,20221220,20221214,20221213,20221212
20221216,true,20221219,20221220,20221221,20221215,20221214,20221213
20221219,true,20221220,20221221,20221222,20221216,20221215,20221214
20221220,true,20221221,20221222,20221223,20221219,20221216,20221215
20221221,true,20221222,20221223,20221226,20221220,20221219,20221216
20221222,true,20221223,20221226,20221227,20221221,20221220,20221219
20221223,true,20221226,20221227,20221228,20221222,20221221,20221220
20221226,true,20221227,20221228,20221229,20221223,20221222,20221221
20221227,true,20221228,20221229,20221230,20221226,20221223,20221222
20221228,true,20221229,20221230,20230103,20221227,20221226,20221223
20221229,true,20221230,20230103,20230104,20221228,20221227,20221226
20221230,true,20230103,20230104,20230105,20221229,20221228,20221227
20230103,true,20230104,20230105,20230106,20221230,20221229,20221228
20230104,true,20230105,20230106,20230109,20230103,20221230,20221229
20230105,true,20230106,20230109,20230110,20230104,20230103,20221230
20230106,true,20230109,20230110,20230111,20230105,20230104,20230103
20230109,true,20230110,20230111,20230112,20230106,20230105,20230104
20230110,true,20230111,20230112,20230113,20230109,20230106,20230105
20230111,true,20230112,20230113,20230116,20230110,20230109,20230106
20230112,true,20230113,20230116,20230117,20230111,20230110,20230109
20230113,true,20230116,20230117,20230118,20230112,20230111,20230110
20230116,true,20230117,20230118,20230119,20230113,20230112,20230111
20230117,true,20230118,20230119,20230120,20230116,20230113,20230112
20230118,true,20230119,20230120,20230130,20230117,20230116,20230113
20230119,true,20230120,20230130,20230131,20230118,20230117,20230116
20230120,true,20230130,20230131,20230201,20230119,20230118,20230117
20230130,true,20230131,20230201,20230202,20230120,20230119,20230118
20230131,true,20230201,20230202,20230203,20230130,20230120,20230119
20230201,true,20230202,20230203,20230206,20230131,20230130,20230120
20230202,true,20230203,20230206,20230207,20230201,20230131,20230130
20230203,true,20230206,20230207,20230208,20230202,20230201,20230131
20230206,true,20230207,20230208,20230209,20230203,20230202,20230201
20230207,true,20230208,20230209,20230210,20230206,20230203,20230202
20230208,true,20230209,20230210,20230213,20230207,20230206,20230203
20230209,true,20230210,20230213,20230214,20230208,20230207,20230206
20230210,true,20230213,20230214,20230215,20230209,20230208,20230207
20230213,true,20230214,20230215,20230216,20230210,20230209,20230208
20230214,true,20230215,20230216,20230217,20230213,20230210,20230209
20230215,true,20230216,20230217,20230220,20230214,20230213,20230210
20230216,true,20230217,20230220,20230221,20230215,20230214,20230213
20230217,true,20230220,20230221,20230222,20230216,20230215,20230214
20230220,true,20230221,20230222,20230223,20230217,20230216,20230215
20230221,true,20230222,20230223,20230224,20230220,20230217,20230216
20230222,true,20230223,20230224,20230227,20230221,20230220,20230217
20230223,true,20230224,20230227,20230228,20230222,20230221,20230220
20230224,true,20230227,20230228,20230301,20230223,20230222,20230221
20230227,true,20230228,20230301,20230302,20230224,20230223,20230222
20230228,true,20230301,20230302,20230303,20230227,20230224,20230223
20230301,true,20230302,20230303,20230306,20230228,20230227,20230224
20230302,true,20230303,20230306,20230307,20230301,20230228,20230227
20230303,true,20230306,20230307,20230308,20230302,20230301,20230228
20230306,true,20230307,20230308,20230309,20230303,20230302,20230301
20230307,true,20230308,20230309,20230310,20230306,20230303,20230302
20230308,true,20230309,20230310,20230313,20230307,20230306,20230303
20230309,true,20230310,20230313,20230314,20230308,20230307,20230306
20230310,true,20230313,20230314,20230315,20230309,20230308,20230307
20230313,true,20230314,20230315,20230316,20230310,20230309,20230308
20230314,true,20230315,20230316,20230317,20230313,20230310,20230309
20230315,true,20230316,20230317,20230320,20230314,20230313,20230310
20230316,true,20230317,20230320,20230321,20230315,20230314,20230313
20230317,true,20230320,20230321,20230322,20230316,20230315,20230314
20230320,true,20230321,20230322,20230323,20230317,20230316,20230315
20230321,true,20230322,20230323,20230324,20230320,20230317,20230316
20230322,true,20230323,20230324,20230327,20230321,20230320,20230317
20230323,true,20230324,20230327,20230328,20230322,20230321,20230320
20230324,true,20230327,20230328,20230329,20230323,20230322,20230321
20230327,true,20230328,20230329,20230330,20230324,20230323,20230322
20230328,true,20230329,20230330,20230331,20230327,20230324,20230323
20230329,true,20230330,20230331,20230403,20230328,20230327,20230324
20230330,true,20230331,20230403,20230404,20230329,20230328,20230327
20230331,true,20230403,20230404,20230406,20230330,20230329,20230328
20230403,true,20230404,20230406,20230407,20230331,20230330,20230329
20230404,true,20230406,20230407,20230410,20230403,20230331,20230330
20230406,true,20230407,20230410,20230411,20230404,20230403,20230331
20230407,true,20230410,20230411,20230412,20230406,20230404,20230403
20230410,true,20230411,20230412,20230413,20230407,20230406,20230404
20230411,true,20230412,20230413,20230414,20230410,20230407,20230406
20230412,true,20230413,20230414,20230417,20230411,20230410,20230407
20230413,true,20230414,20230417,20230418,20230412,20230411,20230410
20230414,true,20230417,20230418,20230419,20230413,20230412,20230411
20230417,true,20230418,20230419,20230420,20230414,20230413,20230412
20230418,true,20230419,20230420,20230421,20230417,20230414,20230413
20230419,true,20230420,20230421,20230424,20230418,20230417,20230414
20230420,true,20230421,20230424,20230425,20230419,20230418,20230417
20230421,true,20230424,20230425,20230426,20230420,20230419,20230418
20230424,true,20230425,20230426,20230427,20230421,20230420,20230419
20230425,true,20230426,20230427,20230428,20230424,20230421,20230420
20230426,true,20230427,20230428,20230504,20230425,20230424,20230421
20230427,true,20230428,20230504,20230505,20230426,20230425,20230424
20230428,true,20230504,20230505,20230508,20230427,20230426,20230425
20230504,true,20230505,20230508,20230509,20230428,20230427,20230426
20230505,true,20230508,20230509,20230510,20230504,20230428,20230427
20230508,true,20230509,20230510,20230511,20230505,20230504,20230428
20230509,true,20230510,20230511,20230512,20230508,20230505,20230504
20230510,true,20230511,20230512,20230515,20230509,20230508,20230505
20230511,true,20230512,20230515,20230516,20230510,20230509,20230508
20230512,true,20230515,20230516,20230517,20230511,20230510,20230509
20230515,true,20230516,20230517,20230518,20230512,20230511,20230510
20230516,true,20230517,20230518,20230519,20230515,20230512,20230511
20230517,true,20230518,20230519,20230522,20230516,20230515,20230512
20230518,true,20230519,20230522,20230523,20230517,20230516,20230515
20230519,true,20230522,20230523,20230524,20230518,20230517,20230516
20230522,true,20230523,20230524,20230525,20230519,20230518,20230517
20230523,true,20230524,20230525,20230526,20230522,20230519,20230518
20230524,true,20230525,20230526,20230529,20230523,20230522,20230519
20230525,true,20230526,20230529,20230530,20230524,20230523,20230522
20230526,true,20230529,20230530,20230531,20230525,20230524,20230523
20230529,true,20230530,20230531,20230601,20230526,20230525,20230524
20230530,true,20230531,20230601,20230602,20230529,20230526,20230525
20230531,true,20230601,20230602,20230605,20230530,20230529,20230526
20230601,true,20230602,20230605,20230606,20230531,20230530,20230529
20230602,true,20230605,20230606,20230607,20230601,20230531,20230530
20230605,true,20230606,20230607,20230608,20230602,20230601,20230531
20230606,true,20230607,20230608,20230609,20230605,20230602,20230601
20230607,true,20230608,20230609,20230612,20230606,20230605,20230602
20230608,true,20230609,20230612,20230613,20230607,20230606,20230605
20230609,true,20230612,20230613,20230614,20230608,20230607,20230606
20230612,true,20230613,20230614,20230615,20230609,20230608,20230607
20230613,true,20230614,20230615,20230616,20230612,20230609,20230608
20230614,true,20230615,20230616,20230619,20230613,20230612,20230609
20230615,true,20230616,20230619,20230620,20230614,20230613,20230612
20230616,true,20230619,20230620,20230621,20230615,20230614,20230613
20230619,true,20230620,20230621,20230626,20230616,20230615,20230614
20230620,true,20230621,20230626,20230627,20230619,20230616,20230615
20230621,true,20230626,20230627,20230628,20230620,20230619,20230616
20230626,true,20230627,20230628,20230629,20230621,20230620,20230619
20230627,true,20230628,20230629,20230630,20230626,20230621,20230620
20230628,true,20230629,20230630,20230703,20230627,20230626,20230621
20230629,true,20230630,20230703,20230704,20230628,20230627,20230626
20230630,true,20230703,20230704,20230705,20230629,20230628,20230627
20230703,true,20230704,20230705,20230706,20230630,20230629,20230628
20230704,true,20230705,20230706,20230707,20230703,20230630,20230629
20230705,true,20230706,20230707,20230710,20230704,20230703,20230630
20230706,true,20230707,20230710,20230711,20230705,20230704,20230703
20230707,true,20230710,20230711,20230712,20230706,20230705,20230704
20230710,true,20230711,20230712,20230713,20230707,20230706,20230705
20230711,true,20230712,20230713,20230714,20230710,20230707,20230706
20230712,true,20230713,20230714,20230717,20230711,20230710,20230707
20230713,true,20230714,20230717,20230718,20230712,20230711,20230710
20230714,true,20230717,20230718,20230719,20230713,20230712,20230711
20230717,true,20230718,20230719,20230720,20230714,20230713,20230712
20230718,true,20230719,20230720,20230721,20230717,20230714,20230713
20230719,true,20230720,20230721,20230724,20230718,20230717,20230714
20230720,true,20230721,20230724,20230725,20230719,20230718,20230717
20230721,true,20230724,20230725,20230726,20230720,20230719,20230718
20230724,true,20230725,20230726,20230727,20230721,20230720,20230719
20230725,true,20230726,20230727,20230728,20230724,20230721,20230720
20230726,true,20230727,20230728,20230731,20230725,20230724,20230721
20230727,true,20230728,20230731,20230801,20230726,20230725,20230724
20230728,true,20230731,20230801,20230802,20230727,20230726,20230725
20230731,true,20230801,20230802,20230803,20230728,20230727,20230726
20230801,true,20230802,20230803,20230804,20230731,20230728,20230727
20230802,true,20230803,20230804,20230807,20230801,20230731,20230728
20230803,true,20230804,20230807,20230808,20230802,20230801,20230731
20230804,true,20230807,20230808,20230809,20230803,20230802,20230801
20230807,true,20230808,20230809,20230810,20230804,20230803,20230802
20230808,true,20230809,20230810,20230811,20230807,20230804,20230803
20230809,true,20230810,20230811,20230814,20230808,20230807,20230804
20230810,true,20230811,20230814,20230815,20230809,20230808,20230807
20230811,true,20230814,20230815,20230816,20230810,20230809,20230808
20230814,true,20230815,20230816,20230817,20230811,20230810,20230809
20230815,true,20230816,20230817,20230818,20230814,20230811,20230810
20230816,true,20230817,20230818,20230821,20230815,20230814,20230811
20230817,true,20230818,20230821,20230822,20230816,20230815,20230814
20230818,true,20230821,20230822,20230823,20230817,20230816,20230815
20230821,true,20230822,20230823,20230824,20230818,20230817,20230816
20230822,true,20230823,20230824,20230825,20230821,20230818,20230817
20230823,true,20230824,20230825,20230828,20230822,20230821,20230818
20230824,true,20230825,20230828,20230829,20230823,20230822,20230821
20230825,true,20230828,20230829,20230830,20230824,20230823,20230822
20230828,true,20230829,20230830,20230831,20230825,20230824,20230823
20230829,true,20230830,20230831,20230901,20230828,20230825,20230824
20230830,true,20230831,20230901,20230904,20230829,20230828,20230825
20230831,true,20230901,20230904,20230905,20230830,20230829,20230828
20230901,true,20230904,20230905,20230906,20230831,20230830,20230829
20230904,true,20230905,20230906,20230907,20230901,20230831,20230830
20230905,true,20230906,20230907,20230908,20230904,20230901,20230831
20230906,true,20230907,20230908,20230911,20230905,20230904,20230901
20230907,true,20230908,20230911,20230912,20230906,20230905,20230904
20230908,true,20230911,20230912,20230913,20230907,20230906,20230905
20230911,true,20230912,20230913,20230914,20230908,20230907,20230906
20230912,true,20230913,20230914,20230915,20230911,20230908,20230907
20230913,true,20230914,20230915,20230918,20230912,20230911,20230908
20230914,true,20230915,20230918,20230919,20230913,20230912,20230911
20230915,true,20230918,20230919,20230920,20230914,20230913,20230912
20230918,true,20230919,20230920,20230921,20230915,20230914,20230913
20230919,true,20230920,20230921,20230922,20230918,20230915,20230914
20230920,true,20230921,20230922,20230925,20230919,20230918,20230915
20230921,true,20230922,20230925,20230926,20230920,20230919,20230918
20230922,true,20230925,20230926,20230927,20230921,20230920,20230919
20230925,true,20230926,20230927,20230928,20230922,20230921,20230920
20230926,true,20230927,20230928,20231009,20230925,20230922,20230921
20230927,true,20230928,20231009,20231010,20230926,20230925,20230922
20230928,true,20231009,20231010,20231011,20230927,20230926,20230925
20231009,true,20231010,20231011,20231012,20230928,20230927,20230926
20231010,true,20231011,20231012,20231013,20231009,20230928,20230927
20231011,true,20231012,20231013,20231016,20231010,20231009,20230928
20231012,true,20231013,20231016,20231017,20231011,20231010,20231009
20231013,true,20231016,20231017,20231018,20231012,20231011,20231010
20231016,true,20231017,20231018,20231019,20231013,20231012,20231011
20231017,true,20231018,20231019,20231020,20231016,20231013,20231012
20231018,true,20231019,20231020,20231023,20231017,20231016,20231013
20231019,true,20231020,20231023,20231024,20231018,20231017,20231016
20231020,true,20231023,20231024,20231025,20231019,20231018,20231017
20231023,true,20231024,20231025,20231026,20231020,20231019,20231018
20231024,true,20231025,20231026,20231027,20231023,20231020,20231019
20231025,true,20231026,20231027,20231030,20231024,20231023,20231020
20231026,true,20231027,20231030,20231031,20231025,20231024,20231023
20231027,true,20231030,20231031,20231101,20231026,20231025,20231024
20231030,true,20231031,20231101,20231102,20231027,20231026,20231025
20231031,true,20231101,20231102,20231103,20231030,20231027,20231026
20231101,true,20231102,20231103,20231106,20231031,20231030,20231027
20231102,true,20231103,20231106,20231107,20231101,20231031,20231030
20231103,true,20231106,20231107,20231108,20231102,20231101,20231031
20231106,true,20231107,20231108,20231109,20231103,20231102,20231101
20231107,true,20231108,20231109,20231110,20231106,20231103,20231102
20231108,true,20231109,20231110,20231113,20231107,20231106,20231103
20231109,true,20231110,20231113,20231114,20231108,20231107,20231106
20231110,true,20231113,20231114,20231115,20231109,20231108,20231107
20231113,true,20231114,20231115,20231116,20231110,20231109,20231108
20231114,true,20231115,20231116,20231117,20231113,20231110,20231109
20231115,true,20231116,20231117,20231120,20231114,20231113,20231110
20231116,true,20231117,20231120,20231121,20231115,20231114,20231113
20231117,true,20231120,20231121,20231122,20231116,20231115,20231114
20231120,true,20231121,20231122,20231123,20231117,20231116,20231115
20231121,true,20231122,20231123,20231124,20231120,20231117,20231116
20231122,true,20231123,20231124,20231127,20231121,20231120,20231117
20231123,true,20231124,20231127,20231128,20231122,20231121,20231120
20231124,true,20231127,20231128,20231129,20231123,20231122,20231121
20231127,true,20231128,20231129,20231130,20231124,20231123,20231122
20231128,true,20231129,20231130,20231201,20231127,20231124,20231123
20231129,true,20231130,20231201,20231204,20231128,20231127,20231124
20231130,true,20231201,20231204,20231205,20231129,20231128,20231127
20231201,true,20231204,20231205,20231206,20231130,20231129,20231128
20231204,true,20231205,20231206,20231207,20231201,20231130,20231129
20231205,true,20231206,20231207,20231208,20231204,20231201,20231130
20231206,true,20231207,20231208,20231211,20231205,20231204,20231201
20231207,true,20231208,20231211,20231212,20231206,20231205,20231204
20231208,true,20231211,20231212,20231213,20231207,20231206,20231205
20231211,true,20231212,20231213,20231214,20231208,20231207,20231206
20231212,true,20231213,20231214,20231215,20231211,20231208,20231207
20231213,true,20231214,20231215,20231218,20231212,20231211,20231208
20231214,true,20231215,20231218,20231219,20231213,20231212,20231211
20231215,true,20231218,20231219,20231220,20231214,20231213,20231212
20231218,true,20231219,20231220,20231221,20231215,20231214,20231213
20231219,true,20231220,20231221,20231222,20231218,20231215,20231214
20231220,true,20231221,20231222,20231225,20231219,20231218,20231215
20231221,true,20231222,20231225,20231226,20231220,20231219,20231218
20231222,true,20231225,20231226,20231227,20231221,20231220,20231219
20231225,true,20231226,20231227,20231228,20231222,20231221,20231220
20231226,true,20231227,20231228,20231229,20231225,20231222,20231221
20231227,true,20231228,20231229,20240102,20231226,20231225,20231222
20231228,true,20231229,20240102,20240103,20231227,20231226,20231225
20231229,true,20240102,20240103,20240104,20231228,20231227,20231226
20240102,true,20240103,20240104,20240105,20231229,20231228,20231227
20240103,true,20240104,20240105,20240108,20240102,20231229,20231228
20240104,true,20240105,20240108,20240109,20240103,20240102,20231229
20240105,true,20240108,20240109,20240110,20240104,20240103,20240102
20240108,true,20240109,20240110,20240111,20240105,20240104,20240103
20240109,true,20240110,20240111,20240112,20240108,20240105,20240104
20240110,true,20240111,20240112,20240115,20240109,20240108,20240105
20240111,true,20240112,20240115,20240116,20240110,20240109,20240108
20240112,true,20240115,20240116,20240117,20240111,20240110,20240109
20240115,true,20240116,20240117,20240118,20240112,20240111,20240110
20240116,true,20240117,20240118,20240119,20240115,20240112,20240111
20240117,true,20240118,20240119,20240122,20240116,20240115,20240112
20240118,true,20240119,20240122,20240123,20240117,20240116,20240115
20240119,true,20240122,20240123,20240124,20240118,20240117,20240116
20240122,true,20240123,20240124,20240125,20240119,20240118,20240117
20240123,true,20240124,20240125,20240126,20240122,20240119,20240118
20240124,true,20240125,20240126,20240129,20240123,20240122,20240119
20240125,true,20240126,20240129,20240130,20240124,20240123,20240122
20240126,true,20240129,20240130,20240131,20240125,20240124,20240123
20240129,true,20240130,20240131,20240201,20240126,20240125,20240124
20240130,true,20240131,20240201,20240202,20240129,20240126,20240125
20240131,true,20240201,20240202,20240205,20240130,20240129,20240126
20240201,true,20240202,20240205,20240206,20240131,20240130,20240129
20240202,true,20240205,20240206,20240207,20240201,20240131,20240130
20240205,true,20240206,20240207,20240208,20240202,20240201,20240131
20240206,true,20240207,20240208,20240219,20240205,20240202,20240201
20240207,true,20240208,20240219,20240220,20240206,20240205,20240202
20240208,true,20240219,20240220,20240221,20240207,20240206,20240205
20240219,true,20240220,20240221,20240222,20240208,20240207,20240206
20240220,true,20240221,20240222,20240223,20240219,20240208,20240207
20240221,true,20240222,20240223,20240226,20240220,20240219,20240208
20240222,true,20240223,20240226,20240227,20240221,20240220,20240219
20240223,true,20240226,20240227,20240228,20240222,20240221,20240220
20240226,true,20240227,20240228,20240229,20240223,20240222,20240221
20240227,true,20240228,20240229,20240301,20240226,20240223,20240222
20240228,true,20240229,20240301,20240304,20240227,20240226,20240223
20240229,true,20240301,20240304,20240305,20240228,20240227,20240226
20240301,true,20240304,20240305,20240306,20240229,20240228,20240227
20240304,true,20240305,20240306,20240307,20240301,20240229,20240228
20240305,true,20240306,20240307,20240308,20240304,20240301,20240229
20240306,true,20240307,20240308,20240311,20240305,20240304,20240301
20240307,true,20240308,20240311,20240312,20240306,20240305,20240304
20240308,true,20240311,20240312,20240313,20240307,20240306,20240305
20240311,true,20240312,20240313,20240314,20240308,20240307,20240306
20240312,true,20240313,20240314,20240315,20240311,20240308,20240307
20240313,true,20240314,20240315,20240318,20240312,20240311,20240308
20240314,true,20240315,20240318,20240319,20240313,20240312,20240311
20240315,true,20240318,20240319,20240320,20240314,20240313,20240312
20240318,true,20240319,20240320,20240321,20240315,20240314,20240313
20240319,true,20240320,20240321,20240322,20240318,20240315,20240314
20240320,true,20240321,20240322,20240325,20240319,20240318,20240315
20240321,true,20240322,20240325,20240326,20240320,20240319,20240318
20240322,true,20240325,20240326,20240327,20240321,20240320,20240319
20240325,true,20240326,20240327,20240328,20240322,20240321,20240320
20240326,true,20240327,20240328,20240329,20240325,20240322,20240321
20240327,true,20240328,20240329,20240401,20240326,20240325,20240322
20240328,true,20240329,20240401,20240402,20240327,20240326,20240325
20240329,true,20240401,20240402,20240403,20240328,20240327,20240326
20240401,true,20240402,20240403,20240408,20240329,20240328,20240327
20240402,true,20240403,20240408,20240409,20240401,20240329,20240328
20240403,true,20240408,20240409,20240410,20240402,20240401,20240329
20240408,true,20240409,20240410,20240411,20240403,20240402,20240401
20240409,true,20240410,20240411,20240412,20240408,20240403,20240402
20240410,true,20240411,20240412,20240415,20240409,20240408,20240403
20240411,true,20240412,20240415,20240416,20240410,20240409,20240408
20240412,true,20240415,20240416,20240417,20240411,20240410,20240409
20240530,true,20240531,20240603,20240604,20240529,20240528,20240527
20240531,true,20240603,20240604,20240605,20240530,20240529,20240528
20240603,true,20240604,20240605,20240606,20240531,20240530,20240529
20240604,true,20240605,20240606,20240607,20240603,20240531,20240530
20240605,true,20240606,20240607,20240611,20240604,20240603,20240531
20240606,true,20240607,20240611,20240612,20240605,20240604,20240603
20240607,true,20240611,20240612,20240613,20240606,20240605,20240604
20240611,true,20240612,20240613,20240614,20240607,20240606,20240605
20240612,true,20240613,20240614,20240617,20240611,20240607,20240606
20240613,true,20240614,20240617,20240618,20240612,20240611,20240607
20240614,true,20240617,20240618,20240619,20240613,20240612,20240611
20240617,true,20240618,20240619,20240620,20240614,20240613,20240612
20240618,true,20240619,20240620,20240621,20240617,20240614,20240613
20240619,true,20240620,20240621,20240624,20240618,20240617,20240614
20240620,true,20240621,20240624,20240625,20240619,20240618,20240617
20240621,true,20240624,20240625,20240626,20240620,20240619,20240618
20240624,true,20240625,20240626,20240627,20240621,20240620,20240619
20240625,true,20240626,20240627,20240628,20240624,20240621,20240620
20240626,true,20240627,20240628,20240701,20240625,20240624,20240621
20240627,true,20240628,20240701,20240702,20240626,20240625,20240624
20240628,true,20240701,20240702,20240703,20240627,20240626,20240625
20240701,true,20240702,20240703,20240704,20240628,20240627,20240626
20240702,true,20240703,20240704,20240705,20240701,20240628,20240627
20240703,true,20240704,20240705,20240708,20240702,20240701,20240628
20240704,true,20240705,20240708,20240709,20240703,20240702,20240701
20240705,true,20240708,20240709,20240710,20240704,20240703,20240702
20240708,true,20240709,20240710,20240711,20240705,20240704,20240703
20240709,true,20240710,20240711,20240712,20240708,20240705,20240704
20240710,true,20240711,20240712,20240715,20240709,20240708,20240705
20240711,true,20240712,20240715,20240716,20240710,20240709,20240708
20240712,true,20240715,20240716,20240717,20240711,20240710,20240709
20240715,true,20240716,20240717,20240718,20240712,20240711,20240710
20240716,true,20240717,20240718,20240719,20240715,20240712,20240711
20240717,true,20240718,20240719,20240722,20240716,20240715,20240712
20240718,true,20240719,20240722,20240723,20240717,20240716,20240715
20240719,true,20240722,20240723,20240724,20240718,20240717,20240716
20240722,true,20240723,20240724,20240725,20240719,20240718,20240717
20240723,true,20240724,20240725,20240726,20240722,20240719,20240718
20240724,true,20240725,20240726,20240729,20240723,20240722,20240719
20240725,true,20240726,20240729,20240730,20240724,20240723,20240722
20240726,true,20240729,20240730,20240731,20240725,20240724,20240723
20240729,true,20240730,20240731,20240801,20240726,20240725,20240724
20240730,true,20240731,20240801,20240802,20240729,20240726,20240725
20240731,true,20240801,20240802,20240805,20240730,20240729,20240726
20240801,true,20240802,20240805,20240806,20240731,20240730,20240729
20240802,true,20240805,20240806,20240807,20240801,20240731,20240730
20240805,true,20240806,20240807,20240808,20240802,20240801,20240731
20240806,true,20240807,20240808,20240809,20240805,20240802,20240801
20240807,true,20240808,20240809,20240812,20240806,20240805,20240802
20240808,true,20240809,20240812,20240813,20240807,20240806,20240805
20240809,true,20240812,20240813,20240814,20240808,20240807,20240806
20240812,true,20240813,20240814,20240815,20240809,20240808,20240807
20240813,true,20240814,20240815,20240816,20240812,20240809,20240808
20240814,true,20240815,20240816,20240819,20240813,20240812,20240809
20240815,true,20240816,20240819,20240820,20240814,20240813,20240812
20240816,true,20240819,20240820,20240821,20240815,20240814,20240813
20240819,true,20240820,20240821,20240822,20240816,20240815,20240814
20240820,true,20240821,20240822,20240823,20240819,20240816,20240815
20240821,true,20240822,20240823,20240826,20240820,20240819,20240816
20240822,true,20240823,20240826,20240827,20240821,20240820,20240819
20240823,true,20240826,20240827,20240828,20240822,20240821,20240820
20240826,true,20240827,20240828,20240829,20240823,20240822,20240821
20240827,true,20240828,20240829,20240830,20240826,20240823,20240822
20240828,true,20240829,20240830,20240902,20240827,20240826,20240823
20240829,true,20240830,20240902,20240903,20240828,20240827,20240826
20240830,true,20240902,20240903,20240904,20240829,20240828,20240827
20240902,true,20240903,20240904,20240905,20240830,20240829,20240828
20240903,true,20240904,20240905,20240906,20240902,20240830,20240829
20240904,true,20240905,20240906,20240909,20240903,20240902,20240830
20240905,true,20240906,20240909,20240910,20240904,20240903,20240902
20240906,true,20240909,20240910,20240911,20240905,20240904,20240903
20240909,true,20240910,20240911,20240912,20240906,20240905,20240904
20240910,true,20240911,20240912,20240913,20240909,20240906,20240905
20240911,true,20240912,20240913,20240918,20240910,20240909,20240906
20240912,true,20240913,20240918,20240919,20240911,20240910,20240909
20240913,true,20240918,20240919,20240920,20240912,20240911,20240910
20240918,true,20240919,20240920,20240923,20240913,20240912,20240911
20240919,true,20240920,20240923,20240924,20240918,20240913,20240912
20240920,true,20240923,20240924,20240925,20240919,20240918,20240913
20240923,true,20240924,20240925,20240926,20240920,20240919,20240918
20240924,true,20240925,20240926,20240927,20240923,20240920,20240919
20240925,true,20240926,20240927,20240930,20240924,20240923,20240920
20240926,true,20240927,20240930,20241008,20240925,20240924,20240923
20240927,true,20240930,20241008,20241009,20240926,20240925,20240924
20240930,true,20241008,20241009,20241010,20240927,20240926,20240925
20241008,true,20241009,20241010,20241011,20240930,20240927,20240926
20241009,true,20241010,20241011,20241014,20241008,20240930,20240927
20241010,true,20241011,20241014,20241015,20241009,20241008,20240930
20241011,true,20241014,20241015,20241016,20241010,20241009,20241008
20241014,true,20241015,20241016,20241017,20241011,20241010,20241009
20241015,true,20241016,20241017,20241018,20241014,20241011,20241010
20241016,true,20241017,20241018,20241021,20241015,20241014,20241011
20241017,true,20241018,20241021,20241022,20241016,20241015,20241014
20241018,true,20241021,20241022,20241023,20241017,20241016,20241015
20241021,true,20241022,20241023,20241024,20241018,20241017,20241016
20241022,true,20241023,20241024,20241025,20241021,20241018,20241017
20241023,true,20241024,20241025,20241028,20241022,20241021,20241018
20241024,true,20241025,20241028,20241029,20241023,20241022,20241021
20241025,true,20241028,20241029,20241030,20241024,20241023,20241022
20241028,true,20241029,20241030,20241031,20241025,20241024,20241023
20241029,true,20241030,20241031,20241101,20241028,20241025,20241024
20241030,true,20241031,20241101,20241104,20241029,20241028,20241025
20241031,true,20241101,20241104,20241105,20241030,20241029,20241028
20241101,true,20241104,20241105,20241106,20241031,20241030,20241029
20241104,true,20241105,20241106,20241107,20241101,20241031,20241030
20241105,true,20241106,20241107,20241108,20241104,20241101,20241031
20241106,true,20241107,20241108,20241111,20241105,20241104,20241101
20241107,true,20241108,20241111,20241112,20241106,20241105,20241104
20241108,true,20241111,20241112,20241113,20241107,20241106,20241105
20241111,true,20241112,20241113,20241114,20241108,20241107,20241106
20241112,true,20241113,20241114,20241115,20241111,20241108,20241107
20241113,true,20241114,20241115,20241118,20241112,20241111,20241108
20241114,true,20241115,20241118,20241119,20241113,20241112,20241111
20241115,true,20241118,20241119,20241120,20241114,20241113,20241112
20241118,true,20241119,20241120,20241121,20241115,20241114,20241113
20241119,true,20241120,20241121,20241122,20241118,20241115,20241114
20241120,true,20241121,20241122,20241125,20241119,20241118,20241115
20241121,true,20241122,20241125,20241126,20241120,20241119,20241118
20241122,true,20241125,20241126,20241127,20241121,20241120,20241119
20241125,true,20241126,20241127,20241128,20241122,20241121,20241120
20241126,true,20241127,20241128,20241129,20241125,20241122,20241121
20241127,true,20241128,20241129,20241202,20241126,20241125,20241122
20241128,true,20241129,20241202,20241203,20241127,20241126,20241125
20241129,true,20241202,20241203,20241204,20241128,20241127,20241126
20241202,true,20241203,20241204,20241205,20241129,20241128,20241127
20241203,true,20241204,20241205,20241206,20241202,20241129,20241128
20241204,true,20241205,20241206,20241209,20241203,20241202,20241129
20241205,true,20241206,20241209,20241210,20241204,20241203,20241202
20241206,true,20241209,20241210,20241211,20241205,20241204,20241203
20241209,true,20241210,20241211,20241212,20241206,20241205,20241204
20241210,true,20241211,20241212,20241213,20241209,20241206,20241205
20241211,true,20241212,20241213,20241216,20241210,20241209,20241206
20241212,true,20241213,20241216,20241217,20241211,20241210,20241209
20241213,true,20241216,20241217,20241218,20241212,20241211,20241210
20241216,true,20241217,20241218,20241219,20241213,20241212,20241211
20241217,true,20241218,20241219,20241220,20241216,20241213,20241212
20241218,true,20241219,20241220,20241223,20241217,20241216,20241213
20241219,true,20241220,20241223,20241224,20241218,20241217,20241216
20241220,true,20241223,20241224,20241225,20241219,20241218,20241217
20241223,true,20241224,20241225,20241226,20241220,20241219,20241218
20241224,true,20241225,20241226,20241227,20241223,20241220,20241219
20241225,true,20241226,20241227,20241230,20241224,20241223,20241220
20241226,true,20241227,20241230,20241231,20241225,20241224,20241223
20241227,true,20241230,20241231,,20241226,20241225,20241224
20241230,true,20241231,,,20241227,20241226,20241225
20241231,true,,,,20241230,20241227,20241226
20200102,true,20200103,20200106,20200107,,,
20200103,true,20200106,20200107,20200108,20200102,,
20200106,true,20200107,20200108,20200109,20200103,20200102,
20200107,true,20200108,20200109,20200110,20200106,20200103,20200102
20200108,true,20200109,20200110,20200113,20200107,20200106,20200103
20200109,true,20200110,20200113,20200114,20200108,20200107,20200106
20200110,true,20200113,20200114,20200115,20200109,20200108,20200107
20200113,true,20200114,20200115,20200116,20200110,20200109,20200108
20200114,true,20200115,20200116,20200117,20200113,20200110,20200109
20200115,true,20200116,20200117,20200120,20200114,20200113,20200110
20200116,true,20200117,20200120,20200121,20200115,20200114,20200113
20200117,true,20200120,20200121,20200122,20200116,20200115,20200114
20200120,true,20200121,20200122,20200123,20200117,20200116,20200115
20200121,true,20200122,20200123,20200203,20200120,20200117,20200116
20200122,true,20200123,20200203,20200204,20200121,20200120,20200117
20200123,true,20200203,20200204,20200205,20200122,20200121,20200120
20200203,true,20200204,20200205,20200206,20200123,20200122,20200121
20200204,true,20200205,20200206,20200207,20200203,20200123,20200122
20200205,true,20200206,20200207,20200210,20200204,20200203,20200123
20200206,true,20200207,20200210,20200211,20200205,20200204,20200203
20200207,true,20200210,20200211,20200212,20200206,20200205,20200204
20200210,true,20200211,20200212,20200213,20200207,20200206,20200205
20200211,true,20200212,20200213,20200214,20200210,20200207,20200206
20200212,true,20200213,20200214,20200217,20200211,20200210,20200207
20200213,true,20200214,20200217,20200218,20200212,20200211,20200210
20200214,true,20200217,20200218,20200219,20200213,20200212,20200211
20200217,true,20200218,20200219,20200220,20200214,20200213,20200212
20200218,true,20200219,20200220,20200221,20200217,20200214,20200213
20200219,true,20200220,20200221,20200224,20200218,20200217,20200214
20200220,true,20200221,20200224,20200225,20200219,20200218,20200217
20200221,true,20200224,20200225,20200226,20200220,20200219,20200218
20200224,true,20200225,20200226,20200227,20200221,20200220,20200219
20200225,true,20200226,20200227,20200228,20200224,20200221,20200220
20200226,true,20200227,20200228,20200302,20200225,20200224,20200221
20200227,true,20200228,20200302,20200303,20200226,20200225,20200224
20200228,true,20200302,20200303,20200304,20200227,20200226,20200225
20200302,true,20200303,20200304,20200305,20200228,20200227,20200226
20200303,true,20200304,20200305,20200306,20200302,20200228,20200227
20200304,true,20200305,20200306,20200309,20200303,20200302,20200228
20200305,true,20200306,20200309,20200310,20200304,20200303,20200302
20200306,true,20200309,20200310,20200311,20200305,20200304,20200303
20200309,true,20200310,20200311,20200312,20200306,20200305,20200304
20200310,true,20200311,20200312,20200313,20200309,20200306,20200305
20200311,true,20200312,20200313,20200316,20200310,20200309,20200306
20200312,true,20200313,20200316,20200317,20200311,20200310,20200309
20200313,true,20200316,20200317,20200318,20200312,20200311,20200310
20200316,true,20200317,20200318,20200319,20200313,20200312,20200311
20200317,true,20200318,20200319,20200320,20200316,20200313,20200312
20200318,true,20200319,20200320,20200323,20200317,20200316,20200313
20200319,true,20200320,20200323,20200324,20200318,20200317,20200316
20200320,true,20200323,20200324,20200325,20200319,20200318,20200317
20200323,true,20200324,20200325,20200326,20200320,20200319,20200318
20200324,true,20200325,20200326,20200327,20200323,20200320,20200319
20200325,true,20200326,20200327,20200330,20200324,20200323,20200320
20240415,true,20240416,20240417,20240418,20240412,20240411,20240410
20240416,true,20240417,20240418,20240419,20240415,20240412,20240411
20240417,true,20240418,20240419,20240422,20240416,20240415,20240412
20240418,true,20240419,20240422,20240423,20240417,20240416,20240415
20240419,true,20240422,20240423,20240424,20240418,20240417,20240416
20240422,true,20240423,20240424,20240425,20240419,20240418,20240417
20240423,true,20240424,20240425,20240426,20240422,20240419,20240418
20240424,true,20240425,20240426,20240429,20240423,20240422,20240419
20240425,true,20240426,20240429,20240430,20240424,20240423,20240422
20240426,true,20240429,20240430,20240506,20240425,20240424,20240423
20240429,true,20240430,20240506,20240507,20240426,20240425,20240424
20240430,true,20240506,20240507,20240508,20240429,20240426,20240425
20240506,true,20240507,20240508,20240509,20240430,20240429,20240426
20240507,true,20240508,20240509,20240510,20240506,20240430,20240429
20240508,true,20240509,20240510,20240513,20240507,20240506,20240430
20240509,true,20240510,20240513,20240514,20240508,20240507,20240506
20240510,true,20240513,20240514,20240515,20240509,20240508,20240507
20240513,true,20240514,20240515,20240516,20240510,20240509,20240508
20240514,true,20240515,20240516,20240517,20240513,20240510,20240509
20240515,true,20240516,20240517,20240520,20240514,20240513,20240510
20240516,true,20240517,20240520,20240521,20240515,20240514,20240513
20240517,true,20240520,20240521,20240522,20240516,20240515,20240514
20240520,true,20240521,20240522,20240523,20240517,20240516,20240515
20240521,true,20240522,20240523,20240524,20240520,20240517,20240516
20240522,true,20240523,20240524,20240527,20240521,20240520,20240517
20240523,true,20240524,20240527,20240528,20240522,20240521,20240520
20240524,true,20240527,20240528,20240529,20240523,20240522,20240521
20240527,true,20240528,20240529,20240530,20240524,20240523,20240522
20240528,true,20240529,20240530,20240531,20240527,20240524,20240523
20240529,true,20240530,20240531,20240603,20240528,20240527,20240524
